Name,Address,Zip,Amount
APPLEJAM BEVERAGE INC.,1305 N FM 1604 W,78258,310444
SILVER FOX,24802 IMA RUTH PKWY,78257,621856
THE CHEESECAKE FACTORY,15900 LA CANTERA PKWY STE 24100,78256,750177
BAR CENTRAL,442 W HILDEBRAND AVE,78212,0
BAR LOUIE,22610 US HIGHWAY 281 N,78258,1376472
RED LOBSTER RESTAURANT #386,1335 W W LOOP 410,78227,169811
VEGAS BAR,8826 HUEBNER RD,78240,376527
LONGHORN STEAKHOUSE #5364,5706 W LOOP 1604 N,78251,270898
HI-TONE,621 E DEWEY PL,78212,436433
VORTEX,26108 OVERLOOK PKWY STE 1100,78260,110486
FAST EDDIE'S NEIGHBORHOOD BILLIARDS & SALOON,11221 PERRIN BEITEL RD,78217,479001
OK WEST,2502 PLEASANTON RD,78221,410677
TEXAS ROADHOUSE - SAN ANTONIO,2893 CINEMA RDG,78238,794736
WHISKEY SMITH,6310 CALLAGHAN RD,78229,1036189
THE LAST WORD COCKTAIL BAR,229 E HOUSTON ST,78205,18154
HOULIHAN'S,938 N LOOP 1604 W,78232,681330
ROXY SPORTS BAR-CAFE,3249 WURZBACH RD,78238,565390
GROOVE I-10,3710 E COMMERCE ST,78219,6240
CANYON SPRINGS GOLF CLUB,24405 WILDERNESS OAK,78258,351951
MARKET RESTAURANT,13715 FM 1560 N,78023,127272
NICHA'S COMIDA MEXICANA,3119 ROOSEVELT AVE,78214,294332
MAIN STREET BAR AND CO,13477 WETMORE RD,78247,338719
TINK-A-TAKO #10,3227 SW MILITARY DR,78211,12367
PICANTE GRILL,3810 BROADWAY ST,78209,63734
"CHIPOTLE;CHIPOTLE MEXICAN GRILL;CHIPOTLE,BURRITOS ",11745 IH 10 WEST,78232,15551
THE HANGAR TAVERN,14532 BROOK HOLLOW BLVD,78232,573519
ROD DOG'S,2617 WAGON WHEEL ST,78217,359594
WILLIE'S GRILL & ICEHOUSE,8739 STATE HIGHWAY 151,78245,322555
TRA'S COUNTRY,4422 WALZEM RD,78218,132042
CALIFORNIA PIZZA KITCHEN,11745 W INTERSTATE 10 STE 418,78230,143094
SILVER SCREEN BAR,21025 ENCINO COMMONS STE 100,78259,103022
ICEHOUSE,401 PEARL PKWY,78215,355349
JACALA MEXICAN RESTAURANT,606 WEST AVE,78201,308825
GREENHOUSE ROOFTOP GARDEN,4553 N LOOP 1604 W,78249,547066
THE TURNING POINT,753 ISOM RD,78216,25369
BAR DU MON AMI,4901 BROADWAY ST STE 130,78209,234651
SALSALITO CANTINA,14535 NACOGDOCHES RD,78247,384394
BOTTOM BRACKET SOCIAL CLUB,1603 N COLORADO ST,78201,283582
LAKESIDE LODGE BANQUET HALL,13550 DONOP RD # 1,78112,2942
TEQUILA TEXAS,9323 PERRIN BEITEL RD STE 201,78217,14693
SPECTRUM,224 E HOUSTON ST,78205,862175
LAS PALAPAS AT TEZEL,5525 TEZEL RD,78250,14229
THE IRISH PUB,9726 DATAPOINT DR,78229,610066
T.G.I. FRIDAY'S,18039 W INTERSTATE 10,78257,363740
"CHINA GROVE TRADING POST, LLC                     ",7393 US HIGHWAY 87 E,78263,283984
ERNIES BAR,320 BONHAM,78205,156423
"LUKE SAN ANTONIO RESTAURANT, LLC                  ",125 E HOUSTON ST,78205,1041953
BUSHWOOD CC,13800 JONES MALTSBERGER RD,78247,481828
JACKS,2950 THOUSAND OAKS DR STE 5,78247,437440
LOGAN'S ROADHOUSE,21119 US HIGHWAY 281 N,78258,119287
DA BUNKER BAR,210 E AVIATION,78148,288375
TIME OUT SPORTS BAR,8021 FM 78 STE 109,78109,232153
SONTERRA BEVERAGE,18323 SONTERRA PL,78258,9244
CRAZY D'S SALOON,12234 NACOGDOCHES RD,78217,461995
SHENANIGAN'S SPORTS BAR AND LOUNGE II,8827 STATE HIGHWAY 151 STE 106,78251,1406977
SIN CITY NITE CLUB,820 SAN PEDRO AVE,78212,0
SAN ANTONIO AERIE #70 FRATERNAL ORDER OF EAGLES,2230 HUNT LANE,78227,96019
JOHN COOTEYS TAVERN AND KITCHEN,8318 JONES MALTSBERGER RD STE 128,78216,444202
CITY OF UNIVERSAL CITY OLYMPIA HILLS GOLF COURSE,12900 MOUNT OLYMPUS,78148,210656
BRICK HOUSE TAVERN & TAP,1011 N LOOP 1604 E,78232,1872016
HOT SHOT BILLIARDS,1255 SW LOOP 410 STE 117,78227,377683
GRAND TEQUILA RESTAURANT & CANTINA,8723 STATE HIGHWAY 151,78245,318834
BIGA ON THE BANKS,203 S SAINT MARYS STE 100,78205,1453058
TACO CABANA,15925 SAN PEDRO,78232,25537
AMERICAN LEGION ALAMO POST #2,3518 FREDERICKSBURG RD,78201,36968
BUCKHORN GOLF LLC,4226 SE MILITARY DR,78222,223677
"THE SPEEDWAY SPORTS BAR II, INC.                  ",9055 MARBACH RD STE 112,78245,926146
TRE TRATTORIA DOWNTOWN,401 S ALAMO ST,78205,180818
LEON SPRINGS DANCEHALL,24135 W IH 10,78257,122895
KOYLA GRILLE,21003 ENCINO COMMONS,78259,0
ROMANO'S MACARONI GRILL,11745 W INTERSTATE 10 STE 300,78230,265198
CABOS BAR & GRILL,7711 GUILBEAU RD,78250,173077
RTI BEVERAGE COMPANY L L C,3855 N PANAM EXPY,78219,2780
MAMA MARGIES # 1,7335 S ZARZAMORA ST,78224,469494
TORREON MEXICAN RESTAURANT,513 BANDERA RD,78228,224714
J & O CANTINA,1014 S PRESA ST,78210,126392
PERICO'S BAR & GRILL,10820 BANDERA RD,78250,663594
SPARKS,8011 WEBBLES DR,78218,58122
DHR SAN ANTONIO BEVCO. INC.,16641 LA CANTERA PKWY,78256,1830393
THE CLUB AT SONTERRA,901 SONTERRA BLVD,78258,699312
V F W POST #6012 SECURITY SERVICE,4810 S W MILITARY DRIVE,78242,104003
TIAGO'S CABO GRILLE,17711 W IH 10,78257,292331
H & G INC,4503 DE ZAVALA RD STE 126,78249,6287
TACO CABANA,6040 BANDERA ROAD,78238,93557
WURZBACH ICE HOUSE,10141 WURZBACH RD,78230,1807024
MOTOR TRANSPORT POST 1533 VFW,107-109 ELM HURST,78209,170761
CHILIS GRILL & BAR,8502 BROADWAY ST,78217,438563
STONE WERKS BIG ROCK GRILLE,999 E BASSE RD,78209,1862488
NAIROBI BAR & GRILL,514 N HACKBERRY,78202,181079
THE ESQIRE TAVERN,155 E COMMERCE ST,78205,1916469
"PMM, LLC                                          ",17776 BLANCO RD,78232,691368
RED LOBSTER #6363,7835 INTERSTATE 35 S,78224,169619
THE SOCIAL HOUSE,19160 STONE OAK PKWY STE 104,78258,900673
DOUBLETREE SAN ANTONIO,37 NE LOOP 410,78216,313124
CLUB CARIBE,10319 PERRIN BEITEL RD,78217,39468
CHILI'S GRILL & BAR,12503 W INTERSTATE 10,78230,425436
OUTBACK STEAKHOUSE,5552 NW LOOP 410,78238,289573
GOLF CLUB OF TEXAS,13600 BRIGGS RNCH,78245,0
FUND-RAISER,418 VILLITA,78217,6208
THE ARGYLE,934 PATTERSON AVE,78209,1144308
FAST EDDIES,9910 W LOOP 1604 N,78254,1261173
SLICK WILLIE'S FAMILY POOL HALL,6436 NW LOOP 410,78238,348193
THOUSAND OAKS CAFE,12930 JONES MALTSBERGER RD STE 103,78247,42098
SUSTENIO,17103 LA CANTERA PKWY,78256,1164257
FREDERICK'S RESTAURANT,7701 BROADWAY,78209,229475
OLIVE GARDEN ITALIAN RESTAURANT #1631,15814 IH 10 W,78257,346397
BUFFALO WILD WINGS,3158 SE MILITARY DR BLDG 5,78235,725597
GENGHS GRILL - THE MONGOLIAN STIR FRY,8214 AGORA PKWY STE 100,78154,57458
NIGHTROCKER,605 SAN PEDRO AVE,78212,0
THE OLIVE GARDEN ITALIAN RESTAURANT #1862,22503 US HIGHWAY 281 N,78258,181893
HOSPITALITY INTERNATIONAL INC,101 BOWIE ST,78205,2653169
RED LOBSTER RESTAURANT #137,8210 I-H 35 NORTH,78239,283581
MARTINI CLUB,8507 N MCCULLOUGH A-9,78216,344447
GRAND AGAVE AND OSHI SUSHI,18326 TUSCANY STONE,78258,917956
MINNIES TAVERN,328 E JOSEPHINE ST,78215,116906
"BCL ABC, LLC                                      ",300 E TRAVIS ST,78205,432073
CHILI'S GRILL & BAR,849 E COMMERCE ST STE 109,78205,342124
HURRICANE GRILL & WINGS,2611 SE MILITARY DR STE 108,78223,393181
BUFFALO WILD WINGS,18410 US HIGHWAY 281 N,78258,618347
THE BROOKLYNIT,516 BROOKLYN AVE,78215,636918
RED LOBSTER OF TEXAS INC #6240,17415 HWY 281 NORTH,78232,217089
CHILI'S GRILL & BAR,4983 NW LOOP 410,78229,406013
FLYNN'S,8123 BROADWAY ST STE A,78209,60618
SANCHO'S CANTINA,628 JACKSON ST,78212,44776
HOST /TRUE FLAVORS SAT TERMINAL A FB LLC,9800 AIRPORT BLVD,78216,218209
BOMBAY RANCH,8811 FREDERICKSBURG RD,78240,631178
FIREHOUSE PUB & GRILL,5380 WALZEM RD,78218,701520
LOGAN'S ROADHOUSE,12477 IH 10 W,78230,199531
TOBIN CENTER - CULINAIRE,115 AUDITORIUM CIR,78205,519427
FLYING TIGER SPORTS BAR,2619 SE MILITARY DR STE 111,78223,963329
CABANA BEVERAGES,5738 W LOOP 1604 N,78251,74925
STONE STREET PUB,16535 HUEBNER RD STE 105,78248,881383
BEAT STREET BISTRO,2512 N MAIN AVE,78212,12613
THE 151 SALOON,10619 WESTOVER HILLS BLVD,78251,765274
WING DADDY'S SAUCE HOUSE,2120 JACKSON KELLER RD,78213,0
LA GLORIA,100 E GRAYSON ST,78215,1810452
ARSA ENTERPRISES LLC,19141 STONE OAK PKWY STE 108,78258,0
UMAI MI,555 W BITTERS RD,78216,211356
COCO BEACH,12159 VALLIANT ST,78216,453831
FAST EDDIE'S NEIGHBORHOOD BILLIARDS & SALOON,502 EMBASSY OAKS,78216,706224
ALIBIS' SPORTS AND SPIRITS,1141 E COMMERCE ST,78205,351759
RIALTO CINEMA BISTRO,2938 NE LOOP 410,78218,311367
THE MIX,2423 N SAINT MARYS ST,78212,449531
SOUTHTOWN 101,101 PEREIDA ST,78210,518183
DEOL BAR AND GRILL,6851 N LOOP 1604 W STE 101,78249,420590
"UBAR NONE, LLC                                    ",502 EMBASSY OAKS,78216,552945
BUFFALO WINGS AND RINGS,203 N LOOP 1604 W STE 100,78232,345367
THE ORIGINAL MEXICAN RESTAURANT,415 E COMMERCE ST,78205,1388892
LISAS MEXICAN RESTAURANT,815 BANDERA RD,78228,269832
BOHANANS RESTAURANT AND BAR,221 E HOUSTON ST,78205,813875
BASEMENT BAR & LOUNGE,244 LOSOYA B,78205,631209
54TH STREET,17122 W INTERSTATE 10,78257,745503
PAESANO'S RIVERWALK,111 W CROCKETTSTE 101,78205,1282243
HYATT PLACE SAN ANTONIO HOTEL,7615 JONES MALTSBERGER RD,78216,58420
CHARLIE WANTS A BURGERS,511 RIVER WALK ST,78205,485888
EL 7 MARES SEA FOOD RESTAURANT,3831 W COMMERCE ST,78207,211393
"CABANA BEVERAGES, INC.                            ",1255 LOOP 410 NORTHEAST,78209,70483
ALAMO CAFE,14250 N US HIGHWAY 281,78232,685783
"CABANA BEVERAGES, INC.                            ",4723 W COMMERCE STREET,78237,115909
NORRIS CONFERENCE CENTERS BALCONES HEIGHTS,4522 FREDERICKSBURG RD # A100,78201,48927
MENGER HOTEL,204 ALAMO PLZ,78205,913585
HABANERO GRILL #2,17711 I 10 W,78257,14450
CLUB GRAND,1305 SW LOOP 410 STE 100,78227,54977
PAGE BARTEAU CATERING,2332 N SAINT MARYS ST,78212,59527
BREW BROTHERS,7403 LESLIE RD STE 214-216,78254,0
CLUB RIVE,245 E COMMERCE ST # 250,78205,0
BONNIE JEAN'S COCKTAILS,5118 AND 5120 FREDERICKSBURG RD,78229,308864
CHAMA GAUCHA BRAZILIAN STEAKHOUSE,18318 SONTERRA PL,78258,1570939
I-10 ICE HOUSE,9518 CONSOLE DR,78229,1251773
MI TIERRA CAFE & BAKERY,218 PRODUCE ROW,78207,3168736
DRURY PLAZA HOTEL - SAN ANTONIO RIVERWALK,105 S SAINT MARYS ST,78205,0
THE MELTING POT SAN ANTONIO,14855 BLANCO RD STE 110,78216,270150
MI CASA TAMALES & MORE,25930 INTERSTATE 10 W,78006,65209
BIKINI SPORTS BAR & GRILL,8224 FREDERICKSBURG RD,78229,241940
MITCHELL'S,1923 LOCKHILL SELMA RD # 106,78213,273329
TYCOON FLATS,2926 N SAINT MARYS ST,78212,418339
SMITTY'S PUB,4121 GARDENDALE ST,78229,334908
CAFE AMORE,4553 N LOOP 1604 W STE 1113,78249,14208
CLUB SPACE,229 E HOUSTON ST,78205,0
ONE TOWERS PARK LANE COOPERATIVE CO SOCIAL CLUB,ONE TOWERS PARK LANE,78209,43524
SALSALITO CANTINA,11703 BANDERA RD,78250,276523
HARDBODIES,2726 N SAINT MARYS,78212,206155
B P O E SAN ANTONIO #216,15650 MARKET HL,78256,15918
ROCKY'S TAVERN,11403 OCONNOR RD,78233,459425
WING DADDY'S SAUCE HOUSE #8,1115 SE MILITARY DR,78214,509833
MERCADO CONCESSIONS,7503 W US HIGHWAY 90,78227,66261
HALF TIME RESTAURANT,7126 TEZEL RD STE 107,78250,0
CLUB CONTINENTAL,3830 PARKDALE ST STE 103,78229,0
FISH CITY GRILL,18130 SAN PEDRO AVE STE 104,78232,245618
EVIL OLIVE,2950 THOUSAND OAKS DR STE 5,78247,481298
BUFFALO WILD WINGS,7903 PAT BOOKER RD,78233,953660
WAXY O'CONNORS IRISH PUB LLC,234 RIVERWALK,78205,1602176
FIZZ,1218 W BITTERS RD,78216,258139
BILLY D'S CLUB,1805 PAT BOOKER RD,78148,379736
CLOWN ALLEY INC.,5518 W MILITARY DR # 20,78242,205276
TONY ROMAS - SAN ANTONIO RIVERCENTER,849 E COMMERCE ST STE 171,78205,271258
THIRSTY HORSE SALOON,2335 NW MILITARY HWY,78231,1635557
BOURBON STREET SEAFOOD KITCHEN,24165 W INTERSTATE 10 STE 433,78257,214679
RAFFLES RESTAURANT & BAR,1039 NE LOOP 410,78209,356127
HOSPITALITY INTERNATIONAL INC,8615 BROADWAY ST,78217,53946
MORTON'S OF CHICAGO,849 E COMMERCE ST STE 283,78205,869368
GRAND RIVERWALK BEVERAGE LLC,600 E MARKET ST,78205,3468637
STACY'S SPORTSBAR,3805 BLANCO RD,78212,502871
J ALEXANDER'S RESTAURANT,255 E BASSE RD STE 1300,78209,842961
LEFTY'S DRAFT HOUSE,15179 JUDSON RD STE 101,78247,964077
THREE LEGGED MONKEY,2313 NW MILITARY HWY,78231,353777
HOOTERS-RIVERWALK OF SAN ANTONIO,849 E COMMERCE ST STE 105,78205,807104
"BARTON'S BOOZERY, INC.                            ",7050 W MILITARY DR,78227,420581
TEXAS ROADHOUSE - LIVE OAK,13830 IH 35 NORTH,78233,719483
THE LITTLE RED BARN STEAKHOUSE,1836 S HACKBERRY,78210,125612
"THE LONG BAR, INC.                                ",18402 US HIGHWAY 281 N STE 128,78259,1508078
VALLARTA GRILL & BAR MEXICAN RESTAURANT,6810 NW LOOP 410,78238,128581
ROXY SPORTS BAR,12000 E LOOP 1604 N,78148,520307
LAS PALAPAS AT THE FORUM,8151 AGORA PKWY,78154,17365
HONMACHI STEAK & SUSHI,11026 CULEBRA RD STE 109,78253,41311
CARINO'S ITALIAN GRILL,231 LOOP 410 SW,78238,158141
TITO'S MEXICAN RESTAURANT,955 S ALAMO ST,78205,260668
TACO CABANA,2908 BROADWAY,78209,69295
THE CULINARY INSTITUTE OF AMERICA/NAO,312 PEARL PKWY BLDG 2,78215,308965
MARY ELLEN'S SOUTHERN BISTRO,2801 PAT BOOKER RD,78148,44776
JOSEPHINE STREET CAFE,400 E JOSEPHINE ST,78215,325110
LONGHORN STEAKHOUSE #5360,5803 N LOOP 1604 W,78249,241637
IVORY LOUNGE,5152 FREDERICKSBURG RD STE 150,78229,199044
JEWISH COMMUNITY CENTER OF SAN ANTONIO,12500 NW MILITARY HWY STE 275,78231,0
SCUZZI ITALIAN GRILL,4035 N LOOP 1604 W # 102,78257,345796
OASIS,502 EMBASSY OAKS STE 142,78216,361025
EL JARRO DE ARTURO,13421 SAN PEDRO AVE,78216,1166370
LA POSADA DEL REY,1896 NACOGDOCHES RD,78209,118477
EL MARACUMBE #2,1518 AUSTIN HWY STE 17,78218,36277
WILLIE'S GRILL & ICEHOUSE #2,15801 SAN PEDRO AVE,78232,544410
HOLIDAY INN HOTEL SAN ANTONIO INTERNATIONAL AIRPOR,77 NE LOOP 410,78216,385966
ROOKIES BAR,6402 CALLAGHAN RD,78229,533107
TOM'S CATS,4922 W MILITARY DR,78242,82695
POMPEII ITALIAN GRILL,16109 NACOGDOCHES RD,78247,154736
SHADY LADY SALOON,3603 S WW WHITE RD,78222,291097
ST. JOHNS MEN CLUB (A PARISH ORGANIZATION),3875 N SAINT MARYS ST,78212,39949
HILL COUNTRY BEVERAGES INC,318 E HOUSTON ST,78205,813407
HEMINGWAYS TAVERN,8931 WURZBACH RD,78240,192399
TACO CABANA,12030 PERRIN BEITEL,78217,39389
RUBY TUESDAY #5905,9818 W INTERSTATE 10,78258,135928
PICO DE GALLO RESTAURANTE,111 S LEONA ST,78207,381005
SEAWORLD SAN ANTONIO,10500 SEA WORLD DR,78251,1701921
ZIO'S ITALIAN KITCHEN,12858 W INTERSTATE 10,78249,159554
HRHC INC,9800 HYATT RESORT DR,78251,4716056
TRAILER TRASH PARTY,3801 BROADWAY ST,78209,0
LA HACIENDA DE LOS BARRIOS,18747 REDLAND RD,78259,1275733
CASA RIO MEXICAN FOODS,430 E COMMERCE ST,78205,1762464
ROMANO'S MACARONI GRILL,8355 AGORA PKWY,78154,364868
HALCYON STELLA PUBLIC HOUSE,1414 S ALAMO ST STE 101,78210,800308
TO WHO KNOWS,5660 FM 78,78219,398738
CORNER POCKET GRILL,2363 AUSTIN HWY,78218,83697
LIBERTY BAR,1111 S ALAMO ST,78210,503271
CARRABBA'S ITALIAN GRILL,12507 W INTERSTATE 10,78230,505423
LOCOE'S SPORTS BAR,1375 AUSTIN HWY,78209,107744
"PIZZA BAR, LLC                                    ",2720 MCCULLOUGH AVE,78212,590654
"POLLO TROPICAL BEVERAGES, LLC                     ",838 E BITTERS RD,78216,4047
SALTGRASS STEAKHOUSE,11812 BANDERA RD,78023,544440
BITE,1012 S PRESA ST,78210,129624
MIDTOWN CLUB,2014 E HOUSTON ST,78202,151125
"THE GRILL AT LEON SPRINGS, LTD                    ",24116 IH 10 W,78257,1398113
ST LUKES SCHOOL SUPPLY,4603 MANITOU DR,78228,5383
GOODTIME CHARLIE'S,2922 BROADWAY ST,78209,186906
MEXICAN MANHATTAN RESTAURANT INC,110 SOLEDAD ST,78205,388983
CABANA BEVERAGES INC,1130 N FM1604 WEST #105,78248,27924
WILD ZEBRA THE GENTLEMEN'S PARADISE,2525 NE LOOP 410 STE 110,78217,478001
CHACHO'S & CHALUCCI'S,8614 PERRIN BEITEL RD,78217,1517873
LA MARGINAL,2447 NACOGDOCHES RD,78217,47124
ARAMARK SPORTS AND ENTERTAINMENT SERVICES OF TEXAS,211 AT AND T CENTER PKWY,78219,13610175
ARSA - DELIXIAS MARIMEX,17776 BLANCO RD,78232,22366
ACADIANA CAFE,1289 SW LOOP 410,78227,79769
SPARKY'S PUB,1416 N MAIN AVE,78212,2155460
LA GLORIA,9800 AIRPORT BLVD,78216,717947
FRESH HORIZONS CREATIVE CATERING,2020 BROADWAY ST,78215,50541
BAR FLYS,8503 BROADWAY ST STE 110,78217,211008
SHOGUN STEAK HOUSE,5500 BABCOCK RD STE 102,78240,23009
TEXAS DE BRAZIL (SAN ANTONIO) CORPORATION,313 E HOUSTON ST,78205,573919
54TH STREET,7307 S NEW BRAUNFELS,78223,1276399
SUSHI EXPRESS,19903 STONE OAK PKWY STE 208,78258,0
VFW POST 837,4436 VALLEYFIELD,78222,169358
Z GOLF BRIGGS RANCH,2818 RUSTLERS TRL,78245,20048
THE WHITE RABBIT / PIZZERIA,2410 N SAINT MARYS ST,78212,195492
NEW ORLEANS BAR,226 W BITTERS RD STE 105,78216,251442
LUCKY MONKEY SPORTS BAR & LOUNGE,8143 LATIGO PLZ,78227,160207
CLUB RIO,13307 SAN PEDRO AVE STE A,78216,877387
P F CHANG'S CHINA BISTRO,255 E BASSE RD STE 1200,78209,669264
TIFFANY,338 VALLEY HI DR,78227,407617
CHART HOUSE,701 BOWIE ST,78205,1780171
"R & J LOUNGE, LLC                                 ",18086 PLEASANTON RD,78221,477042
MANSION DELMR RESTAURANT & BAR,6890 NW LOOP 410,78238,0
PEGASUS,1402 N MAIN AVE,78212,1335518
OUNCE STEAKHOUSE,1401 N LOOP 1604 W STE 105,78258,0
"CABANA BEVERAGES, INC.                            ",1633 SW MILITARY DRIVE,78221,84358
FPSA SIDEBAR BISTRO,524 S SAINT MARYS ST,78205,9838
PLAY SPORTS & KITCHEN,18322 SONTERRA PL STE 103,78258,276331
DAKOTAS DIXIE ROSE,17680 INTERSTATE 35 S,78052,488068
COURTYARD SAN ANTONIO,11605 STATE HIGHWAY 151,78251,98838
LA MARGARITA RESTAURANT AND BAR,120 PRODUCE ROW,78207,1412257
CHILI'S GRILL & BAR,14570 FORUM PARKWAY,78154,415623
EDDIE'S TACO HOUSE BAR & GRILL,3755 THOUSAND OAKS DR,78247,153191
SALTGRASS STEAKHOUSE,502 RIVER WALK ST,78205,1336294
LAS PALAPAS ALAMO RANCH,5603 W LOOP 1604 N,78253,213654
TOPGOLF USA SAN ANTONIO,5539 N LOOP 1604 W,78249,0
DILLO,214 LOSOYA ST,78205,321848
HOSPITALITY INTERNATIONAL INC,600 S SANTA ROSA,78204,64328
TUCKER'S KOZY KORNER LLC,1338 E HOUSTON ST,78205,390412
HILTON GARDEN INN SAN ANTONIO AIRPORT,12828 SAN PEDRO AVE,78216,74623
THE PARK SPORTS BAR,6565 BABCOCK RD STE 9&10,78249,324638
FRED BROCK POST NO 828 THE AMERICAN LEGION,3415 MARTIN LUTHER KING DR,78220,84875
SENOR CANCUN,2502 BLANCO RD,78212,62818
AMERICAN LEGION SESQUINCENTENNIAL POST #592,1948 AUSTIN HWY,78218,117498
CABANA BEVERAGES,19231 STONE OAK PKWY,78258,38181
54TH STREET,8111 PAT BOOKER RD,78233,0
"CABANA BEVERAGES, INC.                            ",180 BITTERS RD,78216,25914
HOT JOY,1014 S ALAMO ST,78210,578025
LUNA ROSA RESTAURANT Y TAPAS,2603 SE MILITARY DR STE 107,78223,0
WEB HOUSE CAFE & BAR,320 BLANCO RD,78212,6385
HOOTERS OF SAN ANTONIO N,8527 WURZBACH RD,78240,939526
OAK HILLS TAVERN,7920A FREDERICKSBURG RD FRNT BLDG,78229,269392
REBAR,8134 BROADWAY ST,78209,784252
TACO CABANA,920 SE MILITARY DRIVE,78214,61442
LOS CUCOS MEXICAN CAFE,226 W BITTERS STE 126,78216,0
CHIPOTLE MEXICAN GRILL,11411 BANDERA RD STE 101,78250,11981
APPLEJAM BEVERAGE INC.,11605 W FM 1604 NORTH,78250,464868
CANDILEJAS RESTAURANT & BAR,725 AUSTIN ST,78215,26144
TINK-A-TAKO # 1,3555 FREDERICKSBURG RD,78201,138194
TACO HAVEN,1032 S PRESA ST,78210,161370
210 CEVICHE,9502 W INTERSTATE 10 STE 101,78230,304772
ALDALO'S MEXICAN CUISINE,1174 E COMMERCE ST STE 2,78205,62931
MANGO'S SPORTS BAR,115 GENERAL KRUEGER BLVD,78213,11598
SPURR 122 COCKTAILS,10620 S US HIGHWAY 181,78223,406204
EMILY'S OASIS,705 E HOUSTON STREET,78205,375607
CHUY'S,15639 W INTERSTATE 10,78249,768322
FLOORE'S COUNTRY STORE,14464 BANDERA,78023,1256375
URBAN TACO,290 E BASSE RD STE 105,78209,340956
DREW'S,18740 STONE OAK PKWY,78258,513743
ANNE MARIE'S AT DEVONSHIRE PLACE,12475 STARCREST DR STE 102,78216,72169
TAQUERIA JIMADOR,1106 VANCE JACKSON RD,78201,3876
54TH STREET GRILL & BAR,5722 W LOOP 1604 N,78251,1150296
MALIBU SHACK GRILL,5720 BANDERA RD,78238,273130
ASIANA KARAOKE CLUB INCORPORATED,4408 WALZEM RD,78218,56156
TONIC BAR,5500 BABCOCK RD STE 117,78240,292059
"CABANA BEVERAGES, INC.                            ",8030 CULEBRA ROAD,78251,69994
EL BOSQUE MEXICAN RESTAURANT,12656 WEST AVE,78216,27585
FAJITA TACO PLACE,1816 THOMPSON PL,78226,2604
RITA'S ON THE RIVER PIZZARITA'S,245 E COMMERCE ST STE 100,78205,2356291
"CABANA BEVERAGES, INC.                            ",1533 PAT BOOKER ROAD,78148,37704
GUILLERMOS,618 MCCULLOUGH AVE,78215,26567
ORIGINAL CADILLAC BAR OF NUEVO LAREDO INC,212 S FLORES ST,78204,563701
AMC THEATRES RIVERCENTER #9,849 E COMMERCE ST STE 800,78205,175551
"POLLO TROPICAL BEVERAGES, LLC                     ",6819 N LOOP 1604 W,78249,4728
SILVERHORN GOLF CLUB OF TEXAS,1100 E BITTERS RD,78216,261293
BOWLERO,13307 SAN PEDRO AVE,78216,386704
SAN ANTONIO COUNTRY CLUB,4100 N NEW BRAUNFELS AVE,78209,1193037
LANDRY'S SEAFOOD HOUSE,"517 N PRESA ST,1ST-2ND FLOORS & BASEMENT",78205,1204889
THE DSPOT,6322 SAN PEDRO AVE,78216,82408
SHERATON GUNTER HOTEL,205 E HOUSTON ST,78205,692248
PAPA NACHOS,203 N LOOP 1604 W STE 180,78232,140121
"PNK (SAZ), LLC                                    ",1 RETAMA PKWY,78154,736594
UPTOWN 78 LOUNGE,8250 FM 78 STE 108,78109,87990
ACENAR,146 E HOUSTON ST,78205,1572879
SHENANIGANS CLUB,4032 VANCE JACKSON RD,78213,171621
COURTYARD SAN ANTONIO,5815 RIM PASS DR,78257,84457
SPY BAR,826 SAN PEDRO AVE,78228,126473
RAINFOREST CAFE,110 E CROCKETT ST,78205,841688
WING DADDY'S SAUCE HOUSE #6,10730 POTRANCO RD STE 129,78251,649266
TACO PALENQUE,1002 NE LOOP 410,78209,20754
BOTTOMS UP SPORTS BAR & GRILL,6938 W MILITARY DR,78227,2015
LION & ROSE,8211 AGORA PKWY,78154,557101
HARLANDALE MEMORIAL VFW POST 4815,3111 COMMERCIAL AVE,78221,27457
TAQUERIA MEXICO,7167 SOMERSET RD,78211,303740
"REBECCA CREEK DISTILLERY, LLC                     ",26605 BULVERDE RD STE B,78260,13466
AMC THEATRES ALAMO IMAX 2,849 E COMMERCE ST STE 483,78205,11934
BONEHEADZ SPORTS PUB,9503 CONSOLE DR,78229,540205
WILLIE'S GRILL & ICEHOUSE,4051 N LOOP 1604 W,78257,457405
MCFINNIGAN,23127 W INTERSTATE 10 # 201,78257,522991
KEMS RESTAURANT & BAR,19280 REDLAND RD,78259,40768
TORO TACO BAR,114 BROOKLYN AVE,78202,0
SABOR,6809 N LOOP 1604 W,78249,73157
GEORGE'S KEEP,17101 LA CANTERA PKWY # P2-1P22,78256,964885
HUHOT MONGOLIAN GRILL,12710 IH 10 W STE 100 (UNIV SQUARE SHOPP,78249,25037
MENCIUS GOURMET HUNAN CHINESE RESTAURANT,7959 FREDERICKSBURG RD STE 141,78229,25545
ON THE ROCKS PUB,101 ALAMO PLZ STE 105,78205,17130
POUR HOUSE,4750 SEGUIN RD,78219,0
ZOMBIES,4202 THOUSAND OAKS DR,78217,151563
LOGAN'S ROADHOUSE,92 NE LOOP 410,78216,363506
THE PLAZA CLUB OF SAN ANTONIO,FROST TOWER 100 W HOUSTON,78205,249315
TEXAS ROADHOUSE,16915 SAN PEDRO AVE,78232,478825
KNIFE & FORK,20626 STONE OAK PKWY STE 103,78258,210562
TONY ROMA'S,849 E COMMERCE ST STE 171,78205,113622
EXCLUSIVE BAR & GRILL,166 N LOOP 1604 E,78232,0
"BAR AMERICA, LLC                                  ",723 S ALAMO ST,78205,343583
CLICKS,11531 WEST AVE,78213,0
OUTBACK STEAKHOUSE,16080 SAN PEDRO AVE,78232,42898
LION & ROSE,5148 BROADWAY ST,78209,691307
CABANA BEVERAGES INC,11722 IH 35 NORTH,78233,71323
BROADWAY 5050 WURZBACH,9837 W INTERSTATE 10,78230,344939
FUJIYA JAPANESE RESTAURANT,9030 WURZBACH,78240,110766
REGENCY RIVERWALK BEVERAGE LLC,123 LOSOYA ST,78205,1775730
OLD SAN FRANCISCO,10223 SAHARA ST,78216,209900
TIFFANY'S CABARET OF SAN ANTONIO,8736 WURZBACH RD,78240,1164449
STEELY NEVADA'S,7530 BANDERA RD STE 138,78238,353529
TYLER'S PLACE,907 S PINE ST,78210,0
HILTON SAN ANTONIO HILL COUNTRY HOTEL & SPA,9800 WESTOVER HILLS BLVD,78251,421395
THIRSTY TURTLE,1626 NE LOOP 410,78209,437587
MY HOUSE LOUNGE,8075 CULEBRA RD,78251,281281
CAPPY'S AND CAPPYCCINOS,5011 BROADWAY ST,78209,844341
MARY LOU'S CAFE,1002 PLEASANTON RD,78214,8530
TINK-A-TAKO # 13,1662 ENCINO RIO STE 100,78259,39174
THE CHEESECAKE FACTORY,7400 SAN PEDRO AVE STE 120,78216,1022709
LIQUID MONKEY LOUNGE,248 LOSOYA ST,78205,307109
BRIGGS RANCH GOLF CLUB L L C,2818 RUSTLERS TRL,78245,41801
EL MIRASOL,13489 BLANCO RD,78216,864900
TRIBECA,4331 MCCULLOUGH AVE,78212,329584
J C'S NOSTALGIA,5516 EVERS RD,78238,111154
PAPPADEAUX SEAFOOD KITCHEN,76 LOOP 410 NORTHEAST,78230,3036683
MARRIOT SAN ANTONIO,3233 NW LOOP 410,78213,236799
CRUMPETS RESTAURANT & BAKERY,3920 HARRY WURZBACH RD,78209,67514
HOTEL INDIGO,105 N ALAMO ST,78205,46279
RIVER CITY SEAFOOD & GRILL,115 N LOOP 1604 E STE 1108,78232,100611
KIMURA,152 E PECAN ST STE 102,78205,47538
ROSARIO'S MEXICAN CAFE & CANTINA NORTH,9715 SAN PEDRO AVE,78216,896866
GREENWOOD'S BAR & GRILL,301 N NEW BRAUNFELS AVE,78202,237943
BAR ATREA,3635 CROOKED TRL,78227,19808
GOODFIRE BBQ,8629 PERRIN BEITEL RD,78217,0
DING HOW,4531 NW LOOP 410,78229,26148
"FIESTA TEXAS HOSPITALITY, L L C                   ",17000 W IH 10,78257,802816
JOE'S VOLCANO,6844 INGRAM RD,78238,1115578
PALOMA BLANCA MEXICAN CUISINE,5800 BROADWAY ST STE 300,78209,1125282
CHIPOTLE;CHIPOTLE MEXICAN GRILL;CHIPOTLE BURRITOS,3928 BROADWAY,78209,18089
"SALC, INC.                                        ",10110 N US HIGHWAY 281,78216,322211
SANTIKOS PALLADIUM,17703 W INTERSTATE 10,78257,1355273
DEL FUEGO CHAR GRILL & CANTINA,2318 N LOOP 1604 W,78248,219725
CHIPOTLE MEXICAN GRILL;CHIPOTLE BURRITOS & TACOS,7322 JONES MALTSBERGER RD STE 206,78209,17079
ZONA,12066 STARCREST DR STE 640,78247,241845
CLUB OASIS,8303 S PRESA ST,78223,44261
THE REPUBLIC OF TEXAS,526 RIVERWALK,78205,1020530
ALL STARS,9440 IH 10 W,78230,1079760
AREA THIRTY-ONE,4553 N LOOP 1604 W # 1229,78249,231485
"CABANA BEVERAGES, INC.                            ",12731 IH 10 W,78230,73588
HOTEL INDIGO RIVERWALK,830 N SAINT MARYS ST,78205,215567
DADS,2615 MOSSROCK,78230,739830
"TRUE FLAVORS, L.L.C.                              ",819 AUGUSTA ST,78215,16837
ALDACO'S MEXICAN CUISINE,20079 STONE OAK PKWY # 300,78258,773442
SUGARS,2731 NW LOOP 410,78230,3394387
LUPE TORTILLA MEXICAN RESTAURANT,21103 US HIGHWAY 281 N,78258,741571
BOOTLEGGERS,2407 N SAINT MARYS ST,78212,405885
CHUY'S,8438 STATE HIGHWAY 151,78245,282710
BLACK-EYED PEA,7959 FREDERICKSBURG RD STE 103,78229,42555
V F W POST 2059,3202 ACKERMAN RD,78219,94411
SILVER DOLLAR SALOON,1812 N MAIN AVE,78212,413128
ARCADE MIDTOWN KITCHEN,303 PEARL PKWY STE 111,78215,871668
CABANA BEVERAGES INC,8213 MARBACH RD,78227,111295
WING DADDY'S SAUCE HOUSE,6430 BANDERA RD STE 100,78238,67099
PERICO'S MEXICAN CUISINE,11075 W INTERSTATE 10 STE 200,78230,680645
J-PRIME STEAKHOUSE,1401 N LOOP 1604 W STE 105,78258,16147
RED ROBIN AMERICAS GOURMET BURGERS & SPIRITS,8227 AGORA PKWY,78154,186867
TEXAS PRIDE BARBECUE,2980 E LOOP 1604 S,78101,206886
KOGI KOREAN GRILL,12651 VANCE JACKSON RD STE 108,78230,24575
LUCE RESTORANTE E ENOTECA,11255 HUEBNER RD STE 200,78230,292189
HOSPITALITY INTERNATIONAL INC,207 N SAINT MARYS ST,78205,148575
ERNESTO'S,2559 JACKSON KELLER RD,78230,41330
1919,1420 S ALAMO ST STE 1,78210,941582
LOGAN'S ROADHOUSE,5423 W LOOP 1604 N,78253,290752
KIRBY'S STEAKHOUSE,123 N LOOP 1604 E,78232,1122629
SPEISEN,7115 BLANCO RD STE 110,78216,87433
KUMORI SUSHI & TEPPANYAKI,700 E SONTERRA BLVD STE 308,78258,123728
HABANERO GRILL #1,13444 WEST AVE,78216,31399
LAUGH OUT LOUD COMEDY CLUB AT PARK NORTH,618 NW LOOP 410 STE 312,78216,457030
MILANO ITALIAN GRILL,19239 STONE OAK PKWY STE 101,78258,166943
CLUB SIRIUS,228 LOSOYA ST,78205,623067
ST GEORGE MARONITE CENTER,6070 BABCOCK RD,78240,59999
KEY WEST COVE,602 NW LOOP 410 STE 145,78216,44611
MING TREE RESTAURANT,14355 BLANCO RD,78216,1399
"PTX V BEVERAGE SERVICES, LLC                      ",611 NW LOOP 410,78216,392558
BROADWAY 50/50,5050 BROADWAY ST,78209,414687
FAIR OAKS RANCH GOLF & COUNTRY CLUB,7900 FAIR OAKS PKWY,78015,586128
TRE TRATTORIA,4003 BROADWAY ST,78209,426625
LAS PALAPAS POTRANCO,8835 STATE HIGHWAY 151,78251,30563
CHUY'S SELMA,14855 INTERSTATE 35 N,78154,859144
MIMI'S CAFE,17315 W IH 10,78257,96443
BUFFALO WILD WINGS,7823 INTERSTATE 35 S,78224,790682
210 SPORTS CANTINA,1946 SW MILITARY DR,78221,872808
OAK HILLS LANES,7330 CALLAGHAN RD,78229,253616
SPAGHETTI WAREHOUSE ITALIAN GRILL,1226 E HOUSTON ST,78205,152371
SLACKERS,126 W RECTOR ST STE 136,78216,735421
GENGHIS GRILL - THE MONGOLIAN STIR FRY,11745 W INTERSTATE 10 STE 403,78230,8179
COURTYEARD BY MARRIOTT,6738 NW LOOP 410,78238,21077
MILANO RESTAURANTE ITALIANO - ALAMO HEIGHTS,1907 NACOGDOCHES RD,78209,5594
SENOR TEQUILA MEXICAN GRILL & BAR,110 PRODUCE ROW STE 3AND4,78207,0
FRANK MUMME'S THE OTHER WOMAN,1123 FAIR AVE,78223,347349
COUNTRY INN AND SUITES,8505 BROADWAY ST,78217,30543
JERRY DEAN'S,12536 NACOGDOCHES RD,78217,247802
"AZAR DISTILLING, LLC                              ",8501 COVER RD,78263,0
PERRY'S STEAKHOUSE & GRILLE,15900 LA CANTERA PKWY STE 22200,78256,2346313
LA FONDA SUNSET RIDGE,6402 N NEW BRAUNFELS AVE,78209,173428
CHILI'S GRILL & BAR,2310 SW MILITARY DR STE 101,78224,414849
TACO CABANA,6867 NEW HWY 90 WEST,78227,169295
CHACHO'S,6757 POSS RD,78238,863779
PAT O'BRIEN'S - SAN ANTONIO,121 ALAMO PLZ,78205,2629008
ALLURE LOUNGE,13550 OCONNOR RD STE 4,78233,257187
DON PEDRO MEXICAN RESTAURANT,1526 SW MILITARY DR,78221,774218
HILTON PALACIO DEL RIO,200 S ALAMO ST,78205,3775021
HOST SERVICES INC,9800 AIRPORT BLVD TERMINAL 1 SPACE 158,78216,1221536
PERFECT 10 MENS CLUB,111 NW LOOP 410,78216,2168163
FAST EDDIES NEIGHBORHOOD BILLARD'S & SALOON,7616 CULEBRA RD STE 103,78251,789453
EL MIRADOR RESTAURANT LTD,722 S SAINT MARYS,78205,144072
CHEDDAR'S CASUAL CAFE,15607 W INTERSTATE 10,78249,534053
TACO CABANA,4622 RITTIMAN ROAD,78218,57054
THE ELEVENTH HOUR,5103 RANDOLPH BLVD,78233,93820
"PHM BEVERAGE, INC.                                ",10135 STATE HIGHWAY 151,78251,257984
WETMORE SMOKEHOUSE & SALOON,13525 WETMORE RD,78247,19254
410 DINER,8315 BROADWAY ST,78209,42876
FARIAS MEXICAN RESTAURANT,1705 PAT BOOKER RD STE 215,78148,5685
MAMA MARGIE'S #2,9950 IH 10 W,78230,420255
OJOS LOCOS SPORTS CANTINA,5809 NW LOOP 410,78238,1815646
CHELSEA'S CATERING AND BAR SERVICE,701 MONTANA ST,78203,1089878
MUELLE 58,19903 STONE OAK PKWY STE 202,78258,62235
MAD DOGS SAN ANTONIO,123 LOSOYA ST STE 19,78205,3465847
RAINBOW LOUNGE,4970 W MILITARY DR,78242,87851
CNL BEVERAGES,17660 HENDERSON PASS,78232,157260
EL BUCANERO,16505 BLANCO RD,78232,933728
TGI FRIDAYS,29 NE LOOP 410,78216,488135
ISLAMORADA FISH COMPANY,17907 IH 10 W,78257,186773
4TH QUARTER SPORTS BAR,8779 WURZBACH RD,78240,446890
BUFFALO WILD WINGS,5860 DE ZAVALA RD,78249,637756
WLS BEVERAGE COMPANY/COURTYARD,80 NE LOOP 410,78216,42729
EL MARACHI CAFE Y BAKERY,2511 SE MILITARY DR,78223,16872
TWIN PEAKS RESTAURANT,12790 W INTERSTATE 10,78230,2265652
RICK'S CABARET,5418 BREWSTER ST,78233,1639284
BETO'S COMIDA LATINA,8142 BROADWAY ST,78209,137565
PRESSURE COOKER,8024 FREDERICKSBURG RD,78229,257624
BABIO'S EAT DRINK DANCE,527 W HILDEBRAND AVE,78212,76945
54TH STREET GRILL & BAR,22902 US HIGHWAY 281 N,78258,835657
P F CHANGS CHINA BISTRO,15900 LA CANTERA PKWY BLDG 1,78256,604839
YARD HOUSE #8324,15900 LA CANTERA PKWY BLDG 23,78256,2277273
OUTBACK STEAKHOUSE,8131 AGORA PKWY,78154,370793
E R BAR & GRILL,8647 WURZBACH RD BLDG N,78240,63715
TBA,2801 N SAINT MARYS ST,78212,278184
BLUE SKIES OF TEXAS EAST,4917 RAVENSWOOD DR # 1,78227,52964
BRANNON'S CAFE/FRANCESCA'S AT SUNSET/THE GANTRY,16641 LA CANTERA PKWY,78256,1030719
SANTA'S PLACE,417 SPRIGGSDALE AVE,78220,120829
LA FOGATA,2427 VANCE JACKSON RD,78213,1374795
EDISON EXPERIMENT,1846 N LOOP 1604 W,78248,329388
TINK-A-TAKO # 12,7507 POTRANCO RD,78251,38711
CHILI'S GRILL & BAR,3230 SE MILITARY DRIVE,78235,573096
ANTIGUA GRILL AND BAR,13323 NACOGDOCHES RD # 5&6,78217,12103
JOE BLUE'S,1420 S ALAMO ST BLDG D,78210,145034
MIDNIGHT RODEO,12260 NACOGDOCHES RD # 101,78217,1312101
BAR LOUIE,15900 LA CANTERA PKWY STE 22100,78256,2598058
NIRVANA,18730 STONE OAK PKWY STE 108,78258,174970
RECOVERY ROOM,1139 HARRY WURZBACH RD,78209,192416
AMERICAN LEGION POST 579,3002 GUNSMOKE ST,78227,147347
BOOZEHOUNDS,8531 PERRIN BEITEL RD,78217,600954
CHEDDAR'S CASUAL CAFE #650,15284 INTERSTATE 35 N,78154,508984
COYOTE UGLY SALOON,409 E COMMERCE ST,78205,2684854
EMBASSY SUITES SAN ANTONIO,125 E HOUSTON ST,78205,232856
"MARTHA'S MEXICAN RESTAURANT, INC.                 ",5822 BABCOCK RD,78240,110242
PHX LOUNGE,7959 BROADWAY ST STE 500,78209,485904
ESPANA BAR DE TAPAS,5638 HAUSMAN RD W STE 105,78249,895734
CANYON CAFE,255 E BASSE RD STE 600,78209,364900
JOES CRAB SHACK,255 E BASSE RD STE 1400,78209,0
COURTYARD,11605 STATE HIGHWAY 151,78251,162975
BIKINIS SPORTS BAR & GRILL,13846 N INTERSTATE 35,78233,762344
TOMATILLOS CAFE Y CANTINA,3210 BROADWAY ST,78209,450087
TEXAS BOILER ROOM,8800 BROADWAY ST STE 102,78217,190111
THE WORM,123 LOSOYA ST STE 7,78205,866767
EDEN,21003 ENCINO COMMNONS #123,78259,0
SERNA'S BACKYARD,12023 FM 1957,78253,616815
LOS GENERALES,16216 NACOGDOCHES RD,78247,258687
AZUCA,713 S ALAMO,78205,396351
FLEMING'S PRIME STEAKHOUSE & WINE BAR,255 E BASSE RD STE 200,78209,1392219
FOGO DE CHAO CHURRASCARIA (SAN ANTONIO) LLC,849 E COMMERCE ST STE 395,78205,919406
MYRON'S AT ALON TOWN CENTER,10003 NW MILITARY HWY STE 2111,78231,607302
210 KAPONES,1223 E HOUSTON ST,78205,6220
"'ONE-O-SIX OFF BROADWAY, INC.'                    ",106 PERSHING AVE,78209,249023
ENDLESS MUSIC,19314 US HIGHWAY 281 N STE 110,78258,0
THE HIDDEN TREEHOUSE,4102 RITTIMAN RD,78218,158725
ROSARIO'S TS-204,9710 AIRPORT BLVD,78216,685010
GUADALAJARA GRILL,301 S ALAMO ST BLDG 16,78205,228553
PIZZA HUT,302 VALLEY HI DR,78227,136698
MAGGIANO'S LITTLE ITALY,17603 W INTERSTATE 10,78257,1116129
COUNTRY ROCK CORP.,28611 INTERSTATE 10 W,78217,20125
VFW UNIVERSAL CITY POST 4676,202 W AVIATION BLVD,78148,184609
DGMB ASSOCIATES INC,233 E HOUSTON ST,78205,1067913
COOTER BROWNS,11881 BANDERA RD STE 101,78023,1847533
VFW POST 9174 CLUB,2410 PINN RD,78227,196638
TOKYO STEAK HOUSE,9405 SAN PEDRO AVE,78216,34500
CHA-CHA'S RESTAURANT,5616 BANDERA RD,78238,171255
"CHIPOTLE ;CHIPOTLE MEXICAN GRILL; CHIPOTLE, BURRIT",14540 FORUM PKWY,78154,18082
BJ'S RESTAURANT & BREWHOUSE,17503 IH 10 W,78257,1365402
CABANA BEVERAGES INC,6826 N LOOP 1604 E # 2,78247,38896
PANCHITO'S MEXICAN RESTAURANT,4100 MCCULLOUGH AVE STE 1,78212,274584
CHIPOTLE MEXICAN GRILL,8227 STATE HIGHWAY 151 STE 105,78245,18125
CHIPOTLE MEXICAN GRILL,4727 MEDICAL DR,78229,13258
STETSON BAR INC,7350 TEZEL RD #108,78250,450865
BOGART'S COCKTAILS,8323 N CULEBRA SUITE 106,78251,317799
RED ROBIN AMERICA'S GOURMET BURGERS & SPIRITS,1750 N LOOP 1604 E STE 102,78232,120743
TINK-A-TAKO,5895 BABCOCK RD,78240,26063
ESPIRITUS,102 9TH ST STE 400,78215,0
I H 10 BOWL INC,12332 W IH 10,78230,571739
LIMELIGHT,2718 N SAINT MARYS,78212,195725
THOUSAND OAKS BOWL,4330 THOUSAND OAKS DR,78217,354292
MELLOW MUSHROOM,115 N LOOP 1604 E STE 2100,78232,286368
JACALITO'S PUB,146 1/2 N WW WHITE RD,78219,79421
THE ANGRY ELEPHANT/ROO PUB,19314 US HIGHWAY 281 N STE 107,78258,1155460
MARQUEE,19178 BLANCO RD,78258,355817
BRIGHT SHAWL TEA ROOM,819 AUGUSTA ST,78215,22761
MAMACITA'S RESTAURANT AND CANTINA,8030 IH 10 W,78230,549495
CASA GUADALAJARA BAR & GRILL,2623 NE LOOP 410,78217,105431
BOSTON PUB,8202 N LOOP 1604 W STE 117,78249,471728
LUNA,6740 SAN PEDRO,78216,245502
MOSES ROSE'S HIDEOUT,516 E HOUSTON ST,78205,738302
EAST COAST WINGS & GRILL,8251 AGORA PKWY STE 101,78154,73643
HP ROUTE 46 TEXAS LLC,601 S SAINT MARYS ST,78205,55785
THE OLIVE GARDEN #1147,6155 LOOP #410 NW,78238,373279
KOREA HOUSE LOUNGE,4453 WALZEM RD,78218,97631
KONA GRILL,15900 LA CANTERA PKWY BLDG 7,78256,2343245
MARRIOTT PLAZA SAN ANTONIO,555 S ALAMO ST,78205,383067
LOJAX LOUNGE,4947 SEGUIN RD,78219,186855
THE COUNTY LINE RIVERWALK,111 W CROCKETT ST STE 104,78205,1890689
THE VERANDA,1746 LOCKHILL SELMA RD,78213,150636
LONE STAR BAR,5520 RANDOLPH BLVD,78233,180689
LEE'S EL TACO GARAGE TEX-MEX CRUIZINE,8403 BROADWAY ST,78209,372595
CROWNE PLAZA SAN ANTONIO AIRPORT & CILANTRO GRILL,1111 NE LOOP 410,78209,12258
THE TRAP,4711 PECAN VALLEY DR,78223,387497
KUMORI SUSHI & TEPANYAKI,5519 W LOOP 1604 N STE 101,78253,48680
GALPAO GAUCHO,20079 STONE OAK PKWY STE 3100,78258,83491
BLACK TIE AFFAIRS CATERING INC,1515 ROGERS AVE,78208,152640
MISO LOUNGE,4435 RITTIMAN RD,78218,81011
HARD ROCK CAFE,111 W CROCKETT ST STE 210,78205,1778607
LEON 1883,8123 BROADWAY ST STE A,78209,0
GARDEN BISTRO BAR,18360 BLANCO RD STE 100,78258,654925
RED LOBSTER 6310,5815 W INTERSTATE 10 # 1604,78201,236115
AMF PONDEROSA LANES,2118 GOLIAD RD,78223,175301
BOURBON STREET SEAFOOD KITCHEN,103 9TH ST,78215,188738
CARINO'S ITALIAN GRILL,11719 BANDERA RD,78250,162013
SHENANIGAN'S SPORTS BAR AND LOUNGE,6422 BABCOCK RD # 101,78249,1013803
SWIG,111 W CROCKETT ST STE 205,78205,1050105
PIATTI,255 E BASSE RD STE 500,78209,839669
STONE WERKS BIG ROCK GRILLE,5807 WORTH PKWY,78257,2022965
ROADRUNNER CANTINA,14541 ROADRUNNER WAY,78249,0
THE OLIVE GARDEN ITALIAN RESTAURANT # 1783,5439 N LOOP 1604 E,78247,277640
SHERLOCK'S BAKER ST PUB PARK OAKS,16620 SAN PEDRO AVE STE 1,78232,1438322
CIELITO LINDO,19141 STONE OAK PKWY STE 108,78258,5929
COBALT CLUB,2022 MCCULLOUGH AVE,78212,311122
OLIVE GARDEN OF TEXAS #1799,7811 INTERSTATE 35 S,78224,285071
THE PALACE MEN'S CLUB,2482 NE LOOP 410,78217,2180626
"RANGER CREEK BREWING & DISTILLING, LLC            ",4834 WHIRLWIND DR STE 102,78217,2011
MAMBO MARTINI ULTRA LOUNGE,19314 US HIGHWAY 281 N STE 101,78258,0
COWBOYS,3030 LOOP 410 NORTHEAST,78218,3821631
SOHO WINE & MARTINI BAR,235 E COMMERCE ST # 100,78205,498443
HOOTERS OF SAN PEDRO,13131 SAN PEDRO AVE,78216,961108
LAS PALAPAS,5403 NW LOOP 410,78229,52241
GREY MOSS INN,19010 SCENIC LOOP RD,78023,250842
PEPPER PATCH LOUNGE,2402 PINN RD,78227,192889
LITTLE RHEIN STEAK HOUSE INC,231 S ALAMO ST,78205,1211628
CHACHO'S,7870 CALLAGHAN RD,78229,1245436
TRUE FLAVORS CATERING,1715 N TRINITY ST,78201,210490
TACO CABANA,8315 BANDERA ROAD,78250,55219
PRISCILLA HOLLIDAY OF TEXAS INC,217 NORTH SAINT MARYS,78205,290122
PIRANHA KILLER SUSHI,260 E BASSE RD STE 101,78209,315202
TACOLAND,103 W GRAYSON ST,78212,296806
PRESTIGE BAR & LOUNGE,5307 MCCULLOUGH AVE,78212,162436
WILLIE'S GRILL & ICEHOUSE,24200 W INTERSTATE 10 STE 118,78257,288869
ZIO'S ITALIAN KITCHEN,2707 SE MILITARY DR,78223,100778
TIAGO'S CABO GRILLE,8403 STATE HIGHWAY 151 STE 101,78245,248652
CHILI'S GRILL & BAR,17750 SAN PEDRO AVE,78232,374249
GARIBALDI,2224 COMMERCIAL AVE,78221,0
BUFFALO WILD WINGS,115 SW LOOP 410,78245,932316
GOLDEN WOK,8822 WURZBACH RD,78240,107566
PALENQUE GRILL,389 N LOOP 1604 W,78232,542253
"RIVERTON BEVERAGES, LLC                           ",306 W MARKET ST,78205,942784
LA BOTANA MEXICAN RESTAURANT,7243 SAN PEDRO AVE,78216,148581
ALDINOS AT THE VINEYARD,1203 N W LOOP 1604 #101,78258,632474
CONTINENTAL CAFE' & EVENT CENTER INC,6390 FAIRDALE DRIVE,78218,40420
PAPPASITO'S CANTINA,10501 W IH 10,78230,1828407
ROSARIO'S CAFE & CANTINA,910 S ALAMO,78205,1805960
DIXIE'S BAR,502 EMBASSY OAKS,78216,485818
THE BEACH,231 E CEVALLOS,78204,468956
"SPINK DISTILLING, LLC                             ",12732 CIMARRON PATH STE 102,78249,0
GENGHIS GRILL THE MONGILIAN STIR FRY,1903 N LOOP 1604 E,78232,28167
NORTH STONE STREET PUB & BISTRO,1827 N LOOP 1604 E STE 103,78232,916623
LEON SPRINGS LAS PALAPAS,23725 IH 10 W,78257,126533
THE KOROVA,107 E MARTIN ST,78205,163389
"CABANA BEVERAGES, INC.                            ",25103 W INTERSTATE 10,78257,27380
PAUL'S PIZZA ROMA & PUB,5137 FREDERICKSBURG RD,78229,59690
2015 PLACE,2015 SAN PEDRO AVE,78212,278177
JOE'S CRAB SHACK,212 COLLEGE ST STE 100,78205,755234
CHIPOTLE MEXICAN GRILL,1201 N LOOP 1604 W STE 120,78258,15923
"CABANA BEVERAGES, INC.                            ",11701 BLANCO RD,78216,51899
PIRATE TAVERN,8748 GRISSOM RD STE 2,78251,462194
TORCY'S TACOS,999 E BASSE RD STE 183,78209,0
MONTE CARLO CLUB,4542 W DURANGO BLVD,78237,27490
BRIO TUSCAN GRILLE,15900 LA CANTERA PKWY,78256,398798
THE OLIVE GARDEN #1077,7920 N INTERSTATE 35,78218,350156
RUTH'S CHRIS STEAK HOUSE,600 E MARKET ST STE L101,78205,1649758
LAS PALAPAS,1615 N LOOP 1604 E,78232,55160
EL POTOSINO MEXICAN RESTAURANT,1105 BANDERA RD,78228,125773
COWABUNGA,402 E TRAVIS ST STE 1,78205,196736
MAGIC TIME MACHINE,902 NE LOOP 410,78209,420375
HOULIHAN'S,14601 INTERSTATE 35 N,78154,909946
PETROLEUM CLUB OF SAN ANTONIO,8620 N NEW BRAUNFELS AVE STE 700,78217,314226
JOE'S CRAB SHACK,12485 W INTERSTATE 10,78230,252229
THE S A COUNTRY,10127 COACHLIGHT ST,78216,465309
WHISKEY CAKE,15900 LA CANTERA PKWY STE 21200,78256,103018
RICK'S MVP,2432 NOGALITOS,78225,333242
GUAJILLO'S,1001 NW LOOP 410,78213,162529
EL CHAPARRAL MEXICAN RESTAURANT,15103 BANDERA RD,78023,750309
BOX 903,903 E BITTERS RD STE 313,78216,683984
THE HANGAR,8203 BROADWAY ST,78209,1043910
MAMA'S CAFE,2442 NACOGDOCHES RD,78217,361296
DRURY PLAZA HOTEL- SAN ANTONIO NORTH,823 N LOOP 1604 E,78232,7157
NEKTAR,19239 STONE OAK PKWY STE 110,78258,423931
TACO CABANA,3310 SAN PEDRO,78212,48996
QUARRY HOFBRAU AT THE RIM,18403 W INTERSTATE 10,78257,1635882
BAVARIAN BRAUHAUS,300 W BITTERS RD STE 185,78216,101762
BANDERA BOWL,6700 HUEBNER RD,78238,557940
APPLEJAM BEVERAGE INC,7880 N IH 35,78218,555771
CALIFORNIA PIZZA KITCHEN,255 E BASSE RD STE 900,78209,197415
WINDCREST GOLF CLUB INC,8600 MIDCROWN DR,78239,8230
THE HOPPY MONK,1010 N LOOP 1604 E,78232,5062
HENRYS PUFFY TACOS,6030 BANDERA RD,78238,331835
TOSCANA RISTORANTE,301 E HOUSTON ST,78205,163273
FUNDRAISER,1301 GUADALUPE ST,78207,1923
OMNI LA MANSION DEL RIO HOTEL,112 COLLEGE ST,78205,1719669
FRANCO'S ITALIAN RESTAURANT & LOUNGE,10003 NW MILITARY HWY STE 2107,78231,281503
TAMPICO SEAFOOD RESTAURANT,1722 S ZARZAMORA ST,78207,22220
WILDFISH SEAFOOD GRILLE #8505,1834 N LOOP 1604 W,78248,1679529
LAS ISLAS MARIAS,522 SW MILITARY DR,78221,208240
"SILVER RIO BEVERAGES, L.L.C.                      ",420 W MARKET ST,78205,2016215
VIOLA'S VENTANAS RESTAURANT,9660 WESTOVER HILLS BLVD,78251,575068
THE ANNEX,330 SAN PEDRO AVE,78212,680756
EL TACO TOTE,9502 W INTERSTATE 10,78230,89324
"CABANA BEVERAGES, INC.                            ",3003 THOUSAND OAKS,78247,41656
54TH STREET GRILL & BAR,7735 NW LOOP 410,78245,1205334
CABANA BEVERAGES INC,11707 W LOOP 1604 N,78254,84403
TEXAS LAND & CATTLE STEAK HOUSE,9911 IH 10 W,78230,234435
NEMA BEVERAGE CORPORATION,15900 LA CANTERA PKWY BLDG 14,78256,188595
ZIO'S ITALIAN KITCHEN,18030 SAN PEDRO AVE STE 104,78232,134681
GOLDEN SPUR,21806 US HIGHWAY 281 S,78264,21088
"SALC, INC.                                        ",7750 BRIARIDGE DR,78230,253373
GENGHIS GRILL - THE MONGOLIAN STIR FRY,8603 STATE HIGHWAY 151 STE 109,78245,32658
GRITO AJUUA INC,11703 HUEBNER RD STE 208,78230,583244
HOLIDAY INN SAN ANTONIO DOWNTOWN,318 W DURANGO BLVD,78204,156221
THE TICKET,2617 PAT BOOKER RD # 102,78148,606908
TACO CABANA,2347 E SOUTHCROSS,78223,192232
WILD WEST,21025 US HIGHWAY 281 N # 101,78258,2021994
LEAPIN' LIZARD PUB,302 E COMMERCE ST,78205,688291
SPORTSMAN'S BAR,9204 FM 78,78109,306754
LOS BARRIOS RESTAURANT,4223 BLANCO RD,78212,381850
HOOTERS,15412 INTERSTATE 35 N,78154,897508
SILO,22211 W INTERSTATE 10 STE 1210,78257,44273
CLICKS BILLIARDS,903 E BITTERS RD STE 307,78216,425243
PQ BEVERAGES-THE QUARRY,444 E BASSE RD,78209,428097
THE HIDEAWAY BAR,119 EL MIO DR,78216,107955
CURED,306 PEARL PKWY STE 101,78215,966062
ALAMO CAFE,10060 W IH 10,78230,224361
SALTGRASS STEAKHOUSE #8,11745 W INTERSTATE 10,78230,614470
VIDA RESTAURANT BAR & LOUNGE,555 W BITTERS RD STE 115,78216,0
SALTGRASS STEAKHOUSE #12,16910 N US HIGHWAY 281,78232,772782
DADY G'S BAR,310 ABSHIRE ST,78237,22738
SARITA'S RESTAURANT,2235 LOCKHILL SELMA RD,78230,86373
SIR WINSTON'S CIGAR BAR,2522 NACOGDOCHES RD,78217,376818
CHULA'S SPORTS CANTINA,6420 NW LOOP 410,78238,2215481
TURTLE CREEK TAVERN,8742 WURZBACH RD,78240,0
BACKSTAGE AFTER HOURS LOUNGE,830 NW LOOP 410 STE 110,78216,447289
CHILI'S GRILL & BAR,255 E BASSE RD STE 1100,78209,470829
NEXUS MARTINI BAR AND GRILL,4553 N LOOP 1604 W STE 1101,78249,256727
ALDACO'S MEXICAN CUISINE,22211 W INTERSTATE 10 BLDG 2,78257,301316
HYATT PLACE SAN ANTONIO - NORTH/STONE OAK,1610 E SONTERRA BLVD,78258,38786
LEGENDS SPORTS BAR & BILLIARDS,1305 SW LOOP 410 STE 208,78227,607402
"HOSPITALITY INTERNATIONAL, INC.                   ",23808 RESORT PKWY,78261,12919205
TAPA TAPA LLP,2327 N SAINT MARYS ST,78212,0
HOTTIES SPORTS BAR & GRILL,2603A VANCE JACKSON RD,78213,19626
FOX & HOUND ENGLISH PUB & GRILLE,12651 VANCE JACKSON RD STE 110,78230,729187
CADILLAC CLUB,7870 CULEBRA RD STE 15,78251,270544
CLUB ROYAL,4722 RITTIMAN RD,78218,100641
LAFONDA IN OAK HILLS,350 NORTHAVEN ST,78229,175614
TNT TACOS AND TEQUILA,1915 BROADWAY ST STE 111,78215,89551
"PHM BEVERAGE, INC.                                ",1111 NE LOOP 410,78209,132339
DAVENPORT LOUNGE,203 N PRESA ST,78205,48587
CASABAS CANTINA CONCESSIONS,1564 N LOOP 1604 E,78232,2020
KENNEDY'S,19179 BLANCO RD STE 113,78258,1048346
ME AND CA,8373 PERRIN BEITEL RD,78218,281600
EL MACHITO,7300 JONES MALTSBERGER RD,78209,269977
SOMERSET GENE RAMIREZ AMERICAN LEGION POST #443,20295 SOMERSET RD,78069,79631
HOSPITALITY INTERNATIONAL INC,8585 MARRIOTT DR,78229,43056
SUSHI ZUSHI,999 E BASSE RD STE 186,78209,323113
BRADLEY'S-N-BILLIARDS,7743 MONTEGO DR,78250,272335
"CABANA BEVERAGES, INC.                            ",15606 CHASE HILL BLVD,78256,14140
THE WILD RHINO SPORTS BAR,1422 SW MILITARY DR,78221,144186
NEW YORK BAR,2838 N LOOP 1604 E STE 105,78232,461949
BAR-SALONA,100 VILLITA ST,78205,109717
410 BAR,2818 NE LOOP 410,78218,87056
FAUST TAVERN,517 E WOODLAWN AVE,78212,269391
PAESANO'S RESTAURANT,555 E BASSE RD STE 100,78209,1169320
NATIVE GRILL & WINGS,3238 WURZBACH RD,78238,357749
AUGIE'S ALAMO CITY BBQ,909 BROADWAY ST,78215,17810
THE TEXAN II,114 JEFFERSON ST,78205,443490
CATERING BY ROSEMARY INC,S A CONVENTION CENTER E COMMERCE,78205,1714031
DAHLIA THAI CUISINE,8498 FREDERICKSBURG RD,78229,2793
ALAMO DEPOT SPORTS BAR,1157 E COMMERCE ST,78205,163683
HOOLIGAN'S BAR & GRILL,13920 IH 35 NORTH,78233,726808
SPANKY'S CLUBHOUSE BAR,5042 SHERRI ANN RD,78233,20889
TEXAS LAND & CATTLE STEAK HOUSE,60 NE LOOP 410,78216,432313
MATAMOROS RESTAURANT Y CANTINA,12844 W IH 10,78249,308646
LA FONDA,2415 N MAIN AVE,78212,816381
CABANA BEVERAGES,602 W LOOP 1604 N,78251,100099
RED LOBSTER #6362,4550 NW LOOP 410,78229,191354
TAQUERIA CAZDORES & SEAFOOD,927 RITTIMAN RD,78209,126002
"COVER 3 SAN ANTONIO, LLC                          ",1806 N LOOP 1604 W,78248,1768441
JOSABI'S,17200 BANDERA RD,78023,178518
BIG LOU'S BURGERS & BAR-B-Q,2014 S WW WHITE RD,78222,151539
LE CHATEAU BANQUET HALL & BOUTIQUE,8721 GRISSOM RD,78251,17227
BJ'S RESTAURANT & BREWHOUSE,22406 US HIGHWAY 281 N STE 100,78258,1079406
HP TEN TEXAS LLC,4303 HYATT PLACE DR,78230,32108
TACO CABANA,4205 FREDERICKSBURG RD,78201,60715
TWO STEP RESTAURANT AND CANTINA,9840 W LOOP 1604 N,78254,923964
CARINO'S ITALIAN GRILL,3147 SE MILITARY DR,78223,135166
BOND'S 007 ROCK BAR,450 SOLEDAD ST,78205,436113
MIA'S MEXICAN GRILL,11739 BANDERA RD,78250,65196
RED ROBIN GOURMET BURGERS,5631 W LOOP 1604 N,78253,144744
MARIE CALLENDERS RESTAURANT AND BAKERY,4788 LOOP 410 NORTHWEST,78229,59653
SUSHI ZUSHI,9871 W IH 10,78230,346979
FATSO'S SPORTS GARDEN,1704 BANDERA RD,78228,428373
PIZZA HUT-WINGSTREET,11203 POTRANCO RD,78253,69317
FINNEGAN'S,16260 HWY 281 NORTH,78232,347462
TWIN PEAKS,103 SW LOOP 410,78245,1757707
CHEDDARS CASUAL CAFE,7403 NW LOOP 410,78245,705166
LA PLAYA SEAFOOD HOUSE,3343 WEST AVE,78213,58309
LITTLE WOODROWS,2535 BABCOCK RD,78229,1759280
SALTGRASS STEAKHOUSE,2885 CINEMA RDG,78238,472388
RED SQUARE BAR,11851 BANDERA RD STE 119,78023,729880
MAKE MY DAY LOUNGE,12114 NACOGDOCHES RD,78217,351679
BUFFALO WILD WINGS,5411 W LOOP 1604 N,78253,795325
BRASS MONKEY,2702 N SAINT MARYS ST,78212,1026734
THE AMERICAN LEGION WILLIAM J BORDELON POST #300,3290 GROSSENBACHER LN,78245,86898
BAD DOG'Z BEER & BITES,12952 BANDERA RD,78023,272713
BUFFALO WILD WINGS GRILL & BAR,8450 N INTERSTATE 35,78239,0
FIASCO,2250 THOUSAND OAKS DR STE 108,78232,515340
THE ANGRY ELEPHANT CIGAR BAR,23535 W INTERSTATE 10 STE 1101,78257,181327
LONDON SUB & PUB,8425 BANDERA RD STE 140,78250,432428
"ADELAIDE SERVICES, L.L.C.                         ",1325 N FLORES ST STE 116,78212,74954
LONGHORN STEAKHOUSE #5381,7439 SAN PEDRO AVE,78216,349442
EL FUERTE,7011 SAN PEDRO AVE,78216,1008733
LAS CARRETAS #2,3975 PERRIN CENTRAL BLVD,78217,48296
BANDERA RD CAFE,12540 BANDERA RD STE 303,78023,13918
CLUB GIRAUD,707 N SAINT MARYS ST,78205,624933
THE FALLS,226 W BITTERS RD STE 120,78216,1445891
SILO RESTAURANT & BAR,1133 AUSTIN HWY,78209,733750
THE TEXAN,4518 WEST AVE,78213,269392
RUBY TUESDAY #5910,5607 W LOOP 1604 N,78253,120955
TEJAS STEAKS & MEXICAN FOOD,13515 US HIGHWAY 87 S,78101,12004
"LEGACY LODGING BEVERAGE COMPANY, LLC              ",1803 E SONTERRA BLVD,78259,49594
CHOPSTICKS,4903 NW LOOP 410,78229,51119
THE GREEN LANTERN,20634 STONE OAK PKWY # 120,78258,671707
BOMBAY BICYCLE CLUB,3506 N SAINT MARYS ST,78212,768297
RETOX BAR,1031 PATRICIA STE 105,78213,276472
LION & ROSE,842 NW LOOP 410 STE 500,78216,1086301
CHILI'S GRILL & BAR,11727 BANDERA RD,78250,495027
ICE LOUNGE & SPORTS BAR,5545 NW LOOP 410 STE 116,78238,616327
RUTH'S CHRIS STEAK HOUSE,7720 JONES MALTSBERGER RD STE 118,78216,1134659
BIG LOU'S PIZZA,2048 S WW WHITE RD,78222,569132
FREDERICK'S BISTRO,14439 NW MILITARY HWY STE 100,78231,467396
EL CHAPARRAL MEXICAN RESTAURANT,2838 N LOOP 1604 E STE 101,78232,292858
CLUB MOVIDA,306 E MITCHELL ST,78210,18363
MEDIA LUNA BAR & LOUNGE,308 N PRESA ST,78205,299078
LOS PATIOS HACIENDA/BRAZIER/THE GAZEBO RESTAURANT,2015 NE LOOP 410,78217,76659
QUARRY HOFBRAU & BEER GARDEN,7310 JONES MALTSBERGER RD,78209,2024572
FOX AND HOUND ENGLISH PUB AND GRILL,12651 VANCE JACKSON RD STE 110,78230,564142
APPLEJAM BEVERAGE INC,97 NE LOOP 410,78216,714500
ARJON'S,8736 TESORO DR,78217,721278
IRON CACTUS,200 RIVER WALK ST STE 100&101,78205,1230599
CABANA BEVERAGES INC,5115 RIGSBY AVE,78222,88390
PIATTI,17101 LA CANTERA PKWY APT 8114,78256,871176
SILO ELEVATED CUISINE AND BAR,434 N LOOP 1604 W BLDG 1,78232,1039793
RED ROBIN,17403 IH 10 WEST STE 1,78257,163118
PRESIDENTS CLUB,9710 AIRPORT BLVD STE B2A048,78216,52160
WAX CLUB LOUNGE,2211 SAN PEDRO AVE,78212,36056
TOST BISTRO & WINE BAR,14415 BLANCO RD STE 105,78216,151011
FITZGERALD'S BAR & LIVE MUSIC,437 MCCARTY RD,78216,131916
FEAST,1024 S ALAMO ST,78210,550239
SCHOONERS,1325 NE LOOP 410,78209,621313
TACO CABANA,7339 SAN PEDRO,78216,125199
JOE'S CRAB SHACK,4711 NW LOOP 410,78229,321607
THE AZTEC THEATER,104 S SAINT MARYS ST STE 200,78205,587189
SAN PEDRO PLAYHOUSE,700 WEST ASHBY STREET,78212,16797
BIG SAM'S GRILL & BAR,13802 EMBASSY ROW STE A,78216,64937
TEXAS ROADHOUSE,2751 SW MILITARY DR,78224,554019
THE LOST BAR & GRILL,12730 NW MILITARY HWY,78231,411169
SC BEVERAGE COMPANY,9821 COLONNADE BLVD,78230,879700
MOOSE LODGE 744,826 HIGHLAND BLVD,78210,32812
"CABANA BEVERAGES, INC.                            ",543 W MALONE,78214,122198
PERICO'S MEXICAN RESTAURANT,1439 E SONTERRA BLVD,78258,317744
TICKET SPORTS PUB,420 E HOUSTON ST,78205,826316
PAPAS,9200 BROADWAY ST STE 101,78217,158564
THE BROADWAY 5050,9837 W INTERSTATE 10,78230,179101
TIMBERHILL TAVERN,5251 TIMBERHILL STE 201,78238,205045
DORCOL DISTILLING COMPANY,1902 S FLORES ST,78204,103513
MUSTANG SALLY'S INCORPORATED,3428 ROOSEVELT AVE,78214,320881
EL TROPICANO,110 LEXINGTON AVE,78205,375686
BOUDREAUX,421 E COMMERCE ST STE 101,78205,2441574
NORTHERN HILLS COUNTRY CLUB,13202 SCARSDALE ST,78217,168179
DON OAKS INC,25665 BOERNE STAGE RD,78255,62406
SUNSET COCKTAIL CLUB,2026 AUSTIN HWY,78218,222610
PALMER COURSE AT LA CANTERA,17865 BABCOCK RD,78255,98348
WHAT'S IT TO YA? LOUNGE,5725 EVERS RD,78238,268679
"MAMA MARGIE'S CULEBRA RD, LLC                     ",10927 W FM 471,78253,314036
BARN DOOR RESTAURANT,8400 N NEW BRAUNFELS AVE,78209,410103
SALUD,8123 BROADWAY ST STE D,78209,327071
LA QUINTA INN & SUITES_#501,303 BLUM,78202,184576
CAMARON PELADO SEAFOOD GRILL,2918 W COMMERCE ST,78207,86960
MILANO ON WURZBACH,11802 WURZBACH RD,78230,113470
LEGEND OUTDOORS,18826 BANDERA RD,78023,12845
BAR-SALONA,100 VILLITA ST,78205,38617
CASA SAN PEDRO,605 SAN PEDRO AVE,78212,47782
LAST CHANCE LOUNGE,4435 RITTIMAN RD,78218,0
I DON'T KNOW YET LOUNGE,1229 BABCOCK RD,78201,552075
SUMO-KOI SUSHI BAR,8342 IH 10 W,78230,155987
HEB FOOD STORE #658,23635 WILDERNESS OAK,78258,183974
THE OLIVE GARDEN #1162,13730I 281 N,78232,336472
WYNDHAM SAN ANTONIO RIVERWALK HOTEL,111 E PECAN ST,78205,446390
R SALA  BEBIDA TS 207,9710 AIRPORT BLVD,78216,369225
BABES,4211 SUN GATE ST,78217,644122
MARTY'S COCKTAILS,603 ISOM RD STE 101,78216,308736
R BAR,5310 RITTIMAN RD,78218,52335
HIGHLANDER BAR & GRILL,5562 FREDERICKSBURG RD,78229,662486
HEAT,1500 N MAIN AVE,78212,1314024
THE SAFE HOUSE DRINKERY,5450 BABCOCK RD STE 140,78240,530288
THE SAINT,800 LEXINGTON AVE,78212,0
GRAHM CENTRAL STATION/SOUTH BEACH/BELL BOTTOMS/ALL,4902 FREDERICKSBURG RD,78229,1701136
GRASSHOPPER CLUB,8308 MARBACH RD,78227,109836
APPLEJAM BEVERAGE INC.,15802 W INTERSTATE 10,78249,341695
BOURBON STREET SEAFOOD KITCHEN,2815 N LOOP 1604 E STE 106,78232,339865
THE CRAZY APE,9930 SAN PEDRO AVE,78216,303751
THE LOCAL BAR,600 N PRESA ST,78205,449785
RIO RIO CANTINA CORPORATION,421 E COMMERCE ST STE 102,78205,1289751
VALENCIA ORANGES INC,150 E HOUSTON ST,78205,1145529
SPLACH BAR,905 NOGALITOS,78204,163043
PAPA WOODY'S ROADHOUSE,8902 S PRESA ST,78223,220954
EASY STREET,15033 NACOGDOCHES RD,78247,294132
LUTHER'S CAFE,1422 N MAIN AVE,78212,435812
TWIN PEAKS,702 NW LOOP 410,78216,904882
TACO CABANA,8516 FREDERICKSBURG ROAD,78229,52483
BOHANAN'S PRIME STEAK AND SEAFOOD,219 E HOUSTON ST STE 275,78205,2037359
VANITY FACTORY,2831 NW LOOP 410,78230,279192
LONGHORN STEAKHOUSE #5388,22503 US HIGHWAY 281 N,78258,185107
STARFISH,709 S ALAMO ST,78205,101047
SIDELINERS GRILL,15630 HENDERSON PASS,78232,493123
MARTINI RANCH,4904 WEST AVE,78213,388635
EL BUCANERO,13802 EMBASSY ROW,78216,42533
HTS-WILD OAK RANCH BEVERAGE LLC,9700 WEST MILITARY DR,78251,301858
THE SPEEDWAY SPORTS BAR,8811 GRISSOM RD,78251,303327
THE COUNTY LINE I-10,10101 IH 10 W,78230,285214
CHUY'S SA 281,18008 SAN PEDRO AVE,78232,827222
SAN ANTONIO MENS CLUB,8244 INTERCHANGE PKWY,78218,1784314
SOLUNA,7959 BROADWAY ST STE 204,78209,1444203
POLLY ESTHER'S,212 COLLEGE ST,78205,1554823
WONDERLAND CONCESSIONS,5106 DAVID EDWARDS DR,78233,29412
SUGARTIME,2730 BILL MILLER LN,78223,252192
JAMES B SPRAGUE MEMORIAL POST NO 8541,2222 AUSTIN HWY,78218,219475
THE ELECTRIC COMPANY,820 SAN PEDRO AVE,78212,148814
TACO CABANA,20720 HWY 281 N,78258,49224
DAVE AND BUSTER'S,440 CROSSROADS BLVD,78201,2066802
JOEY'S,2417 N SAINT MARYS ST,78212,444762
CHOKE CANYON BAR-B-QUE,21510 BLANCO RD,78260,73879
THE STEER,735 SE MILITARY DR,78214,313224
LIVE ULTRA LOUNGE,19314 US HIGHWAY 281 N STE 101,78258,756473
"PMM, LLC                                          ",434 N LOOP 1604 W,78232,655785
PALOMA RIVER WALK,215 LOSOYA ST,78205,324127
ROCOTOS GRILL,10555 CULEBRA RD STE 101,78251,13402
"SHOTS MAIN EVENT, INC.                            ",1911 N LOOP 1604 E,78232,904292
THE PAWN PUB CORP.,100 VILLAGE GRN,78148,188350
MARY LOU'S CAFE,4405 MCCULLOUGH AVE,78212,122655
ZINC,209 N PRESA ST,78205,830374
HOLIDAY INN HOTEL AND SUITES,5535 UNIVERSITY HTS,78249,31754
SUSHI ZUSHI,18720 STONE OAK PKWY STE 154,78258,537587
OLD ENGLANDS LION & ROSE AT SONTERRA,700 E SONTERRA BLVD STE 318,78258,546793
"SHOTS MAIN EVENT, INC.                            ",8514 STATE HIGHWAY 151,78245,337788
LAS PALAPAS AT WALZEM,4802 WALZEM RD,78218,17899
THE JOSEPHINE THEATRE,339 W JOSEPHINE ST,78212,10936
TEXAS T PUB,121 N BROADWAY,78205,304043
LUCIANO ON THE RIVER INC,849 COMMERCE ST STE 183,78205,500315
OUTBACK STEAKHOUSE,12511 W INTERSTATE 10,78230,308645
"BIG BIB TOO, LLC                                  ",106 LANARK DR,78218,905
DOUBLETREE BY HILTON SAN ANTONIO DOWNTOWN,502 W CESAR E CHAVEZ BLVD,78207,269452
BLUE BOX,312 PEARL PKWY STE 2107,78215,1328855
SC BEVERAGE COMPANY,212 W CROCKETT ST,78205,1089159
OBLATE SCHOOL OF THEOLOGY,285 OBLATE DR,78216,693
"HARDY OAK ENTERPRISES II, LLC                     ",927 N LOOP 1604 W # 115,78232,26642
BANANAS BILLIARDS INC,2003 SAN PEDRO AVE,78212,274318
HOWEL AT THE MOON,111 W CROCKETT ST,78205,3329227
SAINT NIGHT CLUB LLC,800 LEXINGTON AVE,78212,334978
MAMA'S CAFE #4,7929 PAT BOOKER RD,78233,14891
LILY'S KINGS LOUNGE,111 WHITEWOOD ST,78242,221657
HALF TIME LOUNGE,8084 PAT BOOKER RD,78233,174739
HIDDEN TAVERN,11407 WEST AVE,78213,312575
"HASSLOCHER ENTERPRISES, INC.                      ",8633 CROWNHILL BLVD,78209,225025
CHILI'S GRILL & BAR,8590 FM 78,78109,355388
CLEAR SPRINGS RESTAURANT,606 W AFTON OAKS,78232,78113
"CABANA BEVERAGES, INC.                            ",8105 FOURWINDS DR,78239,53915
LEAKY BARREL,7959 FREDERICKSBURG RD STE 131,78229,585451
ALOFT SAN ANTONIO AIRPORT,838 NW LOOP 410,78216,245386
LUBY'S BEVCO INC,911 N MAIN AVE,78212,0
O'MALLEY'S,8637 FREDERICKSBURG RD STE E,78240,258678
CLUB ESSENCE,1010 N MAIN AVE,78212,714447
PULSE BAR AND NIGHTCLUB,523 MED CT STE 125,78258,74307
TEXAS LAND & CATTLE STEAK HOUSE,201 N ST MARY'S,78205,421380
LAS PALAPAS CAL-TEX CAFE,9700 AIRPORT BLVD TERMINAL 1 SPACE 180,78216,0
THE DOMINION COUNTRY CLUB,1 DOMINION DR,78257,506621
AKA SAM'S,330 E GRAYSON ST,78215,429818
ZOKO GRILL,700 E SONTERRA BLVD STE 1117,78258,71853
STONE WERKS BIG ROCK GRILLE,1201 N LOOP 1604 W STE 101,78258,1771515
GOLDEN WOK,1410 SW LOOP 410,78227,112170
ALDO'S RISTURANTE ITALIANO,8539 FREDERICKSBURG RD,78229,472970
DICK'S LAST RESORT,406 NAVARRO ST,78205,1615123
COPA ULTRA LOUNGE,4429 WALZEM RD,78218,18626
AFTERBURNER,6515 W MILITARY DR,78227,313450
TEKA MOLINO,1007 RITTIMAN RD STE 101,78218,0
THE ROADHOUSE SALOON,6159 FM 78,78244,4397
SNOOPS,10726 PERRIN BEITEL RD,78217,31580
THE FRUTERIA,1401 S FLORES ST # 102,78204,379772
CHILIS # 1088 CULEBRA,5790 W LOOP 1604 N,78251,406291
ARAMARK SPORTS AND ENTERTAINMENT SERVICES OF TEXAS,100 MONTANA-ALAMO CLUBS,78203,106315
PRICILLA HOLLIDAY OF TEXAS,77 LOOP 410 NORTHEAST,78216,74310
ROLLING OAKS GOLF CLUB BAR & GRILL,5550 MOUNTAIN VISTA DR,78247,302134
CHA-CHA'S MEXICAN CUISINE,2026 BABCOCK RD,78229,99724
CASA SOL MEXICAN RESTAURANT,9938 SAN PEDRO AVE,78216,18542
HABABERO GRILL #3,12234 NACOGDOCHES RD,78217,18874
Z'TEJAS SOUTHWESTERN GRILL,15900 LA CANTERA PKWY STE 25100,78256,454878
PACIFIC MOON BAR & GRILL,15140 SAN PEDRO AVE,78232,145943
R BAR,9809 FREDERICKSBURG RD STE 2,78240,241890
FOLC PARK SOCIAL,226 E OLMOS DR,78212,43117
ARAMARK EDUCATIONAL SERVICES OF TEXAS LLC,6900 N LOOP 1604 W,78249,7392
CHIPOTLE MEXICAN GRILL,438 NW LOOP 410 STE 101,78216,20191
JOE'S CRAB SHACK,255 E BASSE RD STE 1400,78209,460928
"MELA LOOP 410, LLC                                ",4987 NW LOOP 410,78229,8431
MARGARITA MANIA & PARTY RENTALS,3533 PITLUK AVE,78211,7967
TILO TEX MEX,12403 WEST AVE,78216,58382
RIVER CENTER COMEDY CLUB,849 E COMMERCE ST STE 893,78205,252364
REPTILEZ VENUE,5418 W OLD US HIGHWAY 90,78227,2265
BEER GOGGLES,12702 TOEPPERWEIN RD STE 101,78233,591647
MICHELINO'S LONE STAR CAFE CAFE OLE AGAVE BAR,237 LOSOYA ST,78205,215109
BONHAM EXCHANGE,411 BONHAM,78205,1418944
LONGHORN STEAKHOUSE #5367,7833 INTERSTATE 35 S,78224,275386
THE BEND SPORTS BAR,7730 BANDERA RD,78238,801292
BROOKS PUB,3354 LASSES BLVD,78223,401473
FORMOSA GARDEN RESTAURANT,1011 NE LOOP 410,78209,87679
MARTHA'S COCINA Y CANTINA LLC,818 NE LOOP 410,78209,140702
JAVA ON THE HILL,847 E HILDEBRAND AVE,78212,7729
CHICAGO BAR,19141 STONE OAK PKWY STE 505,78258,279024
PAESANO'S RESTAURANT,3622 PAESANOS PKWY,78231,1079658
ALAMO CITY MUSIC HALL,1305 E HOUSTON ST BLDG 2101,78205,46560
BOB'S STEAK AND CHOP HOUSE,5815 RIM PASS DR,78257,1068304
NICHA'S,5059 NW LOOP 410,78229,468063
T.G.I. FRIDAY'S,111 SW LOOP 410,78245,405336
ASTRO BOWL SPORTS CENTER LLP,3203 HARRY WURZBACH RD,78209,252472
WETMORE CITY LIMITS,12329 WETMORE RD,78247,532006
HOSPITALITY INTERNATIONAL INC,889 E MARKET ST,78205,1130652
DON STRANGE OF TEXAS INC,1551 BANDERA RD,78228,3635
CALCUTTA'S SCENIC LOOP CAFE INC,25615 BOERNE STAGE RD,78255,361063
ALAMO CITY,9800 AIRPORT BLVD,78216,494759
OUR GLASS,1301 PAT BOOKER RD STE A,78148,252837
BAKER STREET PUB,4326 GARDENDALE ST,78240,459124
CROSS-EYED SEAGULL,19141 STONE OAK PKWY # 206,78258,589756
TILTED KILT PUB & EATERY,2070 N LOOP 1604 E,78232,1271451
THE INDUSTRY,8021 PINEBROOK DR,78230,794612
ARSA - COSTA PACIFICA,434 N LOOP 1604 W STE 2101,78232,29766
"WILLIAM M. RANDOLPH POST NO. 593, THE AMERICAN LEG",326 LEGION DR W,78109,250189
PUZZLES TAVERN,3111 TPC PKWY STE 106,78259,363403
OAK HILLS COUNTRY CLUB,5403 FREDERICKSBURG RD,78229,396859
"CABANA BEVERAGES, INC.                            ",2627 LOOP 410 NW,78230,129747
HOTEL HAVANA / OCHO,1015 NAVARRO ST,78205,599335
CHARLIE BROWNS NEIGHBORHOOD BAR AND GRILL,11888 STARCREST DR STE 101,78247,531995
APPLEJAM BEVERAGE INC.,1511 SW MILITARY DR,78221,540948
CRAWDADS SPORTS BAR & GRILL,12333 WEST AVE,78216,192749
PAPA NACHO'S CANTINA,24145 IH 10 W,78257,234122
DRINK COFFEE & WINE BAR,200 NAVARRO ST STE 100,78205,493600
KNUCKLE HEAD'S,13777 JUDSON RD STE 112,78233,379504
FOUR POINTS BY SHERATON,8818 JONES MALTSBERGER RD,78216,109039
AM LEG DEPT OF TX UNIV CITY 667,504 BOWIE,78148,198468
CHILI'S GRILL & BAR,22402 US HIGHWAY 281 N,78258,218622
MIAMI BAR,602 NW LOOP 410,78216,681805
RUN TMJ,9091 FAIR OAKS PKWY STE 201,78015,602432
BJ'S RESTAURANT & BREWHOUSE,5447 W LOOP 1604 N,78253,1210067
THE GOOD LIFE SPORTS BAR,6820 INGRAM RD,78238,52299
HENRY'S PUFFY TACOS EXPRESS,3202 W WOODLAWN AVE,78228,30676
SPECTRUM,226 N SAINT MARYS ST,78205,99295
CHILI'S GRILL & BAR,131 LOOP 410 SW,78245,501479
RUBY RED COCKTAILS,6715 W US HIGHWAY 90,78227,221
MICHELINO'S LONE STAR CAFE,521 RIVER WALK,78205,2193115
"HEAVENLY GOURMET, LLC                             ",5005 WEST AVE BLDG 2,78217,90665
MMI VENTURES LLC,849 E COMMERCE ST STE 197,78205,820788
BAHIA AZUL RESTAURANT,555 W BITTERS RD STE 115,78216,0
"DHR SAN ANTONIO BEVCO, INC.                       ",17865 BABCOCK RD,78255,128971
SUSHI ZUSHI,203 S SAINT MARYS STE 170,78205,148105
THE MONTEREY,1127 S SAINT MARYS ST,78210,56487
TWENTY GRAND,5943 BANDERA RD,78238,323634
CHRIS MADRID'S INC,1900 BLANCO RD,78212,408576